latitude;longitude
-8,060122849;-34,91097706
-8,058168864;-34,93113826
-8,039175628;-34,93616632
-8,11543923;-34,90041997
-8,067180043;-34,88694804
-7,994720831;-34,91068544
-7,999341127;-34,90605225
-7,99096498;-34,93071846
-8,129175971;-34,91056504
-8,038292892;-34,8942772
-7,988740465;-34,91701234
-7,99500464;-34,91055343
-8,120872747;-34,90720843
-8,034136364;-34,9348684
-8,13210164;-34,91072916
-8,134246191;-34,91343435
-8,082028273;-34,94584196
-8,025429834;-34,88801981
-8,061979488;-34,93554136
-8,12298942;-34,90454884
-8,030237837;-34,93422664
-8,040665227;-34,9367006
-8,035531804;-34,93505928
-8,124240951;-34,90282726
-8,062699484;-34,90031767
-8,068723916;-34,88758487
-8,068515672;-34,88749544
-8,066932383;-34,88687921
-8,029540496;-34,92154447
-8,042981767;-34,94364613
-8,040177471;-34,94215099
-8,040016035;-34,94246963
-8,029121318;-34,9329087
-8,062231515;-34,93560467
-8,061595678;-34,93544909
-8,06171586;-34,93549538
-8,006592863;-34,90879694
-8,030274798;-34,93423173
-8,034551714;-34,93493087
-8,029963597;-34,93417986
-8,07141133;-34,90944731
-8,052824242;-34,94596692
-8,04032268;-34,89475565
-8,044298954;-34,89048591
-8,032429878;-34,91248419
-8,077529324;-34,97179126
-8,114817734;-34,95136286
-8,084799814;-34,95417142
-8,065958743;-34,88424422
-8,090268158;-34,90954554
-8,085492871;-34,93084057
-7,983870287;-34,92499792
-8,111700509;-34,94915465
-8,111580636;-34,94858746
-8,038707855;-34,93600179
-8,039791373;-34,93638478
-8,110231395;-34,95249954
-8,034728799;-34,9349574
-8,029612443;-34,93413563
-8,033127014;-34,9346973
-8,018863803;-34,91095147
-8,064267858;-34,87357389
-8,052443682;-34,94667521
-8,062859593;-34,87700267
-8,033895236;-34,90561063
-8,065419496;-34,87341392
-8,030510432;-34,91851151
-8,032839658;-34,91121969
-8,133727487;-34,91332011
-8,143226134;-34,91545072
-8,061337038;-34,88706272
-8,062242313;-34,87222418
-8,080715822;-34,95241925
-8,080825959;-34,95247678
-8,06330301;-34,88672711
-8,124496836;-34,90140989
-8,056220219;-34,94347798
-8,0404625;-34,94165087
-8,063848372;-34,91202544
-8,118218528;-34,91759329
-8,063652209;-34,88702698
-8,096775153;-34,91474151
-8,104280118;-34,92571629
-8,080534084;-34,93097383
-8,082961857;-34,93025772
-8,132216086;-34,94936389
-8,135830907;-34,93390615
-8,132269568;-34,9493097
-8,034424631;-34,9415327
-7,980379637;-34,91682464
-8,119182244;-34,94483811
-8,106132775;-34,95047194
-8,044917421;-34,91764571
-8,043022404;-34,91994849
-8,044960628;-34,91721235
-8,056789743;-34,95878327
-8,084401446;-34,88326372
-8,120223219;-34,9351589
-8,050974714;-34,90051496
-8,041493626;-34,93040529
-8,114407998;-34,90926058
-8,064366365;-34,87794807
-8,06763577;-34,87703377
-8,097872443;-34,93821763
-8,152790364;-34,91182989
-8,071153904;-34,89789368
-8,070809012;-34,89775839
-8,079215836;-34,94675209
-7,999972212;-34,91192807
-8,035285983;-34,89000047
-8,037802618;-34,89606498
-8,13906187;-34,90541377
-8,026932453;-34,95627631
-8,005288281;-34,93727244
-8,009305904;-34,93582226
-8,125027308;-34,9046307
-8,007789434;-34,93624341
-8,010861307;-34,93487153
-8,003373974;-34,93785045
-8,003126979;-34,93790946
-8,006464824;-34,93649837
-8,007169259;-34,93632878
-8,008666614;-34,93612247
-8,12532226;-34,90147345
-8,0058017;-34,93698237
-8,010724392;-34,93499667
-8,007271306;-34,93630717
-8,004111517;-34,9377407
-8,138985126;-34,91362956
-8,107710966;-34,91749964
-8,10865914;-34,91271817
-8,107264686;-34,91788844
-8,028832008;-34,88458215
-8,076842492;-34,94586682
-8,026395707;-34,89446904
-8,029229818;-34,88708907
-8,02454909;-34,89028949
-8,140892205;-34,91404795
-8,065989351;-34,89342815
-8,06597088;-34,89351487
-8,060758052;-34,89504457
-8,031941289;-34,88523635
-8,133470071;-34,95074194
-8,003210352;-34,92834827
-8,027479373;-34,90630293
-8,026706132;-34,90619495
-8,027818276;-34,90634875
-8,022707316;-34,91489007
-8,012550613;-34,90918563
-8,012685485;-34,9090952
-8,012535215;-34,909169
-8,056063565;-34,91230872
-8,118463363;-34,91788471
-7,999216577;-34,92118533
-7,999514115;-34,92156926
-8,008771098;-34,88650359
-8,008858069;-34,88662301
-8,09375123;-34,93190348
-8,023517965;-34,91352185
-8,049933704;-34,90508641
-8,088989732;-34,90541956
-8,047074193;-34,93478891
-8,108537469;-34,90490028
-8,115370935;-34,91971752
-8,08873669;-34,96730984
-8,11428234;-34,91846458
-8,118572168;-34,95354625
-8,133699075;-34,95054603
-8,09973415;-34,88933597
-8,049505729;-34,93998064
-8,10138936;-34,93120945
-8,117088188;-34,94605884
-8,100943794;-34,93029894
-7,966017674;-34,92562378
-8,089057692;-34,96802926
-8,084674136;-34,92351295
-8,134251022;-34,95414917
-8,088883937;-34,967645
-8,037523267;-34,93986802
-8,044485997;-34,90582617
-8,044488969;-34,90584466
-8,095160934;-34,9392298
-8,027909745;-34,93727748
-8,076992417;-34,9001835
-8,056545325;-34,91262944
-7,946773691;-34,97929645
-8,026055592;-34,87914796
-8,101102716;-34,93068881
-8,02936343;-34,87866091
-8,032390015;-34,94211988
-7,995407437;-34,91581271
-7,995166503;-34,91534037
-8,071272392;-34,89988853
-8,02024115;-34,91873949
-8,019482995;-34,92017547
-8,019555885;-34,92002475
-8,019684094;-34,91974842
-8,113707279;-34,94386689
-8,113626487;-34,9438625
-8,113569537;-34,94385941
-8,11354614;-34,94385814
-8,129308696;-34,93344109
-8,129986582;-34,94031049
-8,129690159;-34,94010272
-8,033698765;-34,94171487
-8,022130297;-34,90783129
-8,116413537;-34,95535753
-8,061387374;-34,90479384
-8,061397418;-34,90487243
-8,110638538;-34,91761725
-8,086483066;-34,88008098
-8,087315688;-34,88238266
-8,054217613;-34,92032146
-8,054323429;-34,92037977
-8,053657351;-34,92001316
-8,054628823;-34,92054831
-8,016269063;-34,91942835
-8,082992462;-34,88063109
-8,054089536;-34,90196802
-8,053243463;-34,90219792
-8,053754382;-34,90205993
-8,037358639;-34,9803317
-8,036719572;-34,97993411
-8,039076481;-34,98037513
-8,037028654;-34,98014567
-8,037734775;-34,98054594
-8,039347822;-34,98026867
-8,036320582;-34,97955536
-8,024871423;-34,88946035
-8,024852095;-34,88950886
-8,055065204;-34,88530117
-8,053382046;-34,89995141
-8,040007112;-34,94865485
-8,112041459;-34,92388518
-8,024929475;-34,8923081
-8,062039598;-34,87939776
-8,051005214;-34,93450092
-8,118853725;-34,90011872
-8,040866478;-34,94920957
-8,081855183;-34,93906665
-8,027100347;-34,88374695
-8,034365939;-34,87944001
-8,08971262;-34,96711467
-8,134173627;-34,91200571
-8,040820588;-34,94916712
-8,121063114;-34,93406984
-8,112005495;-34,95353787
-8,070543047;-34,89765508
-8,039851882;-34,93476906
-8,041965505;-34,94957548
-8,041751919;-34,95062153
-8,081823075;-34,9423472
-8,060239652;-34,94402958
-8,028648717;-34,87809144
-8,054497694;-34,94326771
-8,055268756;-34,94049587
-8,005784808;-34,92932788
-8,050359957;-34,92515016
-8,081196556;-34,94239391
-8,00554524;-34,93041038
-8,028276732;-34,876474
-7,985285315;-34,92861413
-8,037369698;-34,89712015
-8,082864071;-34,94477342
-8,085492869;-34,96654593
-8,11580815;-34,92319444
-8,0835746;-34,96795569
-8,082048337;-34,9698356
-8,112445596;-34,91424352
-8,027629805;-34,8800713
-8,115357113;-34,92268292
-8,084036897;-34,96784118
-8,084215803;-34,96762495
-8,084457504;-34,96734374
-8,084515252;-34,96731186
-8,085471903;-34,96656836
-8,085999391;-34,96615687
-8,052979892;-34,93891427
-8,084899776;-34,96710908
-8,086573324;-34,96584504
-8,085779564;-34,96627648
-8,086305041;-34,96602382
-8,020614333;-34,91473529
-8,019816587;-34,91761657
-8,137375863;-34,93024285
-8,048922688;-34,90063962
-8,11281612;-34,92424521
-8,112390291;-34,92375397
-8,114571412;-34,9182063
-8,03059786;-34,93235701
-8,030554839;-34,93388556
-8,03057956;-34,93335359
-8,002726613;-34,92921463
-8,003007339;-34,92870853
-8,035569312;-34,94164967
-8,11764661;-34,92176475
-8,013042918;-34,91101012
-8,013045255;-34,91118583
-8,012848472;-34,91161148
-8,012554093;-34,91212747
-8,012693279;-34,90951994
-8,012675868;-34,90954031
-8,012473628;-34,90994348
-8,012552925;-34,91212719
-8,012356552;-34,91241423
-8,012504599;-34,91025482
-8,012496802;-34,9102101
-8,099094053;-34,88902136
-8,046784276;-34,93361127
-8,09326115;-34,96136564
-8,117082858;-34,92110989
-8,04030013;-34,87662752
-8,036467259;-34,9816095
-8,009425143;-34,88740827
-8,1168171;-34,94647721
-8,087351755;-34,90480835
-8,086844393;-34,90513466
-8,087082314;-34,90519905
-8,049636288;-34,90572898
-8,049484115;-34,90599773
-8,049552976;-34,9058652
-8,050005175;-34,90491046
-8,041484722;-34,87559963
-8,045534385;-34,91256649
-8,136854548;-34,95253439
-8,037565309;-34,95276356
-8,03741089;-34,95228082
-8,037182194;-34,95127848
-8,037209865;-34,9513428
-8,037485991;-34,9524356
-8,018133478;-34,88388731
-8,017778341;-34,88380133
-8,116108352;-34,94667914
-8,01190145;-34,91227862
-8,011314768;-34,91030042
-8,011875436;-34,91221104
-8,012215549;-34,91288696
-8,01201688;-34,91265053
-8,133357485;-34,95383991
-8,108808427;-34,90442056
-8,093515486;-34,96099048
-8,011302543;-34,93255917
-8,011302566;-34,93255897
-8,115500635;-34,91790377
-8,108318145;-34,90529043
-8,118072766;-34,94611925
-8,03750489;-34,94178835
-8,04543092;-34,91217228
-8,082564313;-34,92522915
-8,117843165;-34,94617842
-8,116439206;-34,94658715
-8,026635311;-34,87909766
-8,060170167;-34,93917301
-8,02978463;-34,87859194
-8,008020531;-34,88546227
-8,115826788;-34,91762263
-8,117408704;-34,94595579
-8,111126491;-34,95393506
-8,121203878;-34,95329616
-7,965108539;-34,92340815
-7,965436022;-34,92356866
-7,965764521;-34,92381729
-8,122627923;-34,94494223
-8,122415667;-34,9436641
-7,966251379;-34,92468954
-7,966247473;-34,92499051
-7,9661228;-34,92534128
-7,965926092;-34,92591998
-7,96478272;-34,92286084
-8,036140734;-34,98141042
-8,134040612;-34,95664916
-8,036930293;-34,94168047
-8,045178998;-34,91066585
-8,010553621;-34,92860107
-8,010681049;-34,92869391
-8,010166739;-34,92886051
-8,01018808;-34,92890622
-8,010158529;-34,92884292
-8,010726298;-34,92813237
-8,031853574;-34,94229449
-8,030583357;-34,94269561
-8,123503722;-34,95889631
-8,123489958;-34,95887056
-7,962425211;-34,93534204
-7,940241478;-35,00564857
-7,94649018;-34,97892647
-7,964791619;-34,92245726
-7,966641033;-34,93246696
-7,948336428;-34,97320812
-7,945364891;-34,99648695
-8,044970323;-34,91607045
-8,045460923;-34,91601971
-8,087204526;-34,92316958
-8,028083512;-34,87887594
-7,987620975;-34,92419443
-7,987995802;-34,92321517
-7,988099148;-34,92294511
-7,987921071;-34,92338304
-7,987389237;-34,92466642
-7,987407914;-34,92462476
-8,084371903;-34,92437355
-7,987666353;-34,92404394
-8,019090852;-34,92104892
-8,020379623;-34,91852371
-8,020372683;-34,91853452
-8,020264573;-34,91870299
-8,019896352;-34,91925054
-8,019300678;-34,92055078
-8,019768494;-34,91948822
-8,020045313;-34,919025
-8,019956797;-34,91915526
-8,130168814;-34,93783439
-8,019397211;-34,92035206
-8,115106324;-34,94393823
-8,01923203;-34,92069755
-8,128838292;-34,95665595
-8,055631368;-34,92110591
-8,085258195;-34,87990833
-8,084566933;-34,88013366
-8,053033481;-34,91966762
-8,053184473;-34,91975131
-8,055003959;-34,92075615
-8,055353351;-34,92095042
-8,080837348;-34,96496315
-8,117080779;-34,95556297
-8,05403658;-34,91615176
-8,11830013;-34,9379435
-8,054432431;-34,90008693
-8,01274207;-34,88104826
-8,065210573;-34,89200937
-8,02342189;-34,89310596
-8,154325428;-34,91218688
-8,031374118;-34,92158537
-8,049659388;-34,91415708
-8,043264881;-34,94983214
-8,074449644;-34,91299312
-8,074359791;-34,91238
-8,074345245;-34,91273338
-8,051507568;-34,92578456
-8,00554232;-34,93036489
-8,066568065;-34,87677629
-8,030064092;-34,88509596
-8,089888689;-34,92517376
-8,128574236;-34,89982626
-8,002374451;-34,92521196
-8,039009133;-34,89584771
-8,053626404;-34,94314848
-8,054407977;-34,94026213
-8,004490134;-34,92573105
-8,065170288;-34,87737895
-8,028989726;-34,95645385
-8,005419311;-34,92659313
-8,029175913;-34,88075267
-8,005448552;-34,92810994
-8,115803335;-34,90956641
-8,110718065;-34,91609254
-8,005449109;-34,92794471
-8,005431394;-34,92759104
-8,005478211;-34,92875642
-8,005746105;-34,92998152
-8,036854241;-34,94308756
-8,036164755;-34,94410365
-8,040881044;-34,95156564
-8,005021554;-34,92634036
-8,005416207;-34,9270307
-8,008062075;-34,92629485
-8,006944156;-34,9291083
-8,083016709;-34,94167706
-8,133095442;-34,90863343
-8,018288214;-34,89420236
-8,032656129;-34,89045706
-8,113875686;-34,92098049
-8,113254118;-34,92026854
-8,094398006;-34,910072
-8,139533803;-34,90840145
-8,020281219;-34,9168431
-8,020645238;-34,9157029
-8,020519812;-34,91615097
-8,020351099;-34,91463699
-8,114044767;-34,92948926
-8,020664235;-34,91556869
-8,020126773;-34,91727143
-8,019903696;-34,91370563
-8,065566402;-34,8773355
-8,040010569;-34,93237978
-8,136593589;-34,93152299
-8,127279418;-34,93837075
-8,142392334;-34,91070145
-8,034168868;-34,97435416
-8,064100155;-34,88796082
-8,030589649;-34,93304202
-8,008621825;-34,93225974
-7,996848658;-34,93086194
-7,996832067;-34,93138947
-7,996833602;-34,93081577
-7,996776978;-34,93152203
-8,120782519;-34,95299983
-8,053481075;-34,91404121
-8,053222556;-34,91465354
-8,053253668;-34,91456644
-8,017297098;-34,91222483
-8,089377189;-34,94121896
-8,115657693;-34,91946473
-8,116496986;-34,92042714
-8,073745589;-34,89150487
-8,11732536;-34,92139595
-8,039793201;-34,87697052
-8,131446701;-34,94926415
-8,00158349;-34,93431969
-8,047006264;-34,93292635
-8,046764466;-34,93293165
-8,079128889;-34,89500446
-8,078929564;-34,89435817
-8,073432147;-34,89160034
-8,119293334;-34,9533734
-8,086805954;-34,90530848
-8,087300935;-34,90524371
-8,13111272;-34,94896425
-8,041045265;-34,87619524
-8,088912719;-34,90530957
-8,088984002;-34,90565434
-8,118534359;-34,95474794
-8,118209605;-34,95364518
-8,134776943;-34,95497812
-8,11601241;-34,94634313
-8,119268046;-34,95614896
-8,084580373;-34,92378561
-8,134445634;-34,95136142
-8,134207503;-34,9515764
-8,030962033;-34,942977
-8,046017826;-34,91309631
-8,120965993;-34,95361298
-8,117049261;-34,95341881
-8,116647382;-34,95353741
-8,116347383;-34,95362398
-8,032995934;-34,94192119
-8,098490791;-34,88875834
-8,116208705;-34,92067645
-8,022797746;-34,90789421
-8,137312528;-34,95228644
-8,137717238;-34,95207176
-8,083050381;-34,92533403
-8,108576294;-34,95252973
-8,037001503;-34,92256155
-8,037601218;-34,92218444
-8,031972715;-34,94263979
-8,108335213;-34,95276163
-8,108157714;-34,95297935
-8,033264419;-34,94223242
-8,115847564;-34,95484732
-8,038092688;-34,94189846
-8,137572378;-34,95215303
-8,115532675;-34,95493862
-8,115164511;-34,95504358
-8,0101054;-34,9324253
-8,136352227;-34,95283237
-8,138371854;-34,95174611
-8,135838998;-34,9418519
-8,116346397;-34,94624547
-8,060249053;-34,938824
-8,089281788;-34,94015978
-8,089332593;-34,94059985
-8,120673475;-34,95261675
-8,110430721;-34,95402646
-8,110769445;-34,95400947
-8,119606005;-34,95736727
-8,036897243;-34,98185507
-8,093004576;-34,96158704
-8,09558026;-34,93899531
-8,000651521;-34,93388793
-8,072296123;-34,92632655
-8,050552671;-34,91335752
-7,992379508;-34,93993591
-8,096562728;-34,92428506
-8,072360617;-34,89773267
-8,07256727;-34,8977095
-8,072376921;-34,89804478
-7,999849035;-34,93009984
-8,071927848;-34,90114332
-8,025481348;-34,96672793
-8,000125017;-34,93543994
-8,047832759;-34,90439716
-8,080097459;-34,91894431
-8,051622731;-34,95787089
-8,073907819;-34,89038913
-8,031315041;-34,88390817
-8,053012454;-34,93740113
-8,115719199;-34,91183905
-8,064523724;-34,91906079
-8,122218244;-34,94525171
-8,04784457;-34,91905488
-8,049428845;-34,96199717
-8,049185475;-34,91956639
-8,069594885;-34,92660255
-8,069106577;-34,92647493
-8,071397452;-34,92709971
-8,056703446;-34,91768827
-8,054836498;-34,9281715
-8,023584501;-34,90902512
-8,075576488;-34,92295552
-8,076155213;-34,92283856
-8,076678854;-34,92273048
-8,077154285;-34,92263695
-8,075116512;-34,92304741
-8,078788815;-34,92229203
-8,07829997;-34,92240978
-8,010607076;-34,88154935
-8,078575517;-34,94539321
-8,012507619;-34,89919468
-8,037143188;-34,93273071
-8,086132295;-34,9082113
-8,094969714;-34,9300351
-8,129100789;-34,94263346
-8,129930278;-34,94143902
-8,129919051;-34,941455
-8,128239727;-34,94392997
-8,067964425;-34,91418146
-8,066376934;-34,91358422
-8,016631342;-34,9175997
-8,057079183;-34,92522922
-8,016157324;-34,91027003
-8,040411334;-34,94798045
-8,008845641;-34,91710445
-8,130179248;-34,94672256
-8,042031158;-34,88620277
-8,082780799;-34,91171492
-8,083036147;-34,91338105
-8,071723157;-34,91503521
-8,016912084;-34,91020871
-7,993449559;-34,93089575
-8,131586273;-34,91337143
-8,005553464;-34,9251918
-8,074712928;-34,92866098
-8,07536314;-34,9285569
-8,112626518;-34,94797153
-8,115184112;-34,94495805
-8,064693104;-34,93294199
-7,992967117;-34,9305197
-7,993341102;-34,9307873
-8,021530085;-34,89822611
-8,054567262;-34,89814096
-8,101131136;-34,88562295
-8,101198162;-34,88641578
-8,101187421;-34,88584485
-7,994605276;-34,93237208
-8,05424125;-34,908155
-8,023823408;-34,92717129
-8,023790469;-34,92742022
-8,053261702;-34,95737023
-8,056862595;-34,95837334
-8,053441006;-34,95741365
-8,053132425;-34,95740213
-7,994704956;-34,9324831
-8,044762897;-34,90452072
-8,033171214;-34,87613157
-8,014571593;-34,91655825
-8,085913044;-34,9291857
-8,076627521;-34,92331581
-8,135486731;-34,9557835
-8,126724612;-34,9425431
-8,021905564;-34,92688533
-8,088907533;-34,91232144
-8,024140182;-34,92364344
-8,058423024;-34,93987371
-8,017203682;-34,91019178
-8,011938199;-34,93157081
-8,010828971;-34,93121256
-8,085715949;-34,8812082
-8,085031171;-34,88150494
-8,056245514;-34,91838382
-8,099279637;-34,91531491
-8,055553121;-34,89666238
-8,132344145;-34,91300602
-8,135536635;-34,9554028
-8,131580396;-34,94266391
-8,036655281;-34,88286982
-8,03557488;-34,89414989
-8,135370939;-34,94943154
-8,059020241;-34,92033693
-8,005577819;-34,90891977
-8,029336286;-34,89726072
-8,083330709;-34,91168951
-8,084411049;-34,91165428
-8,083031743;-34,91170652
-8,091251968;-34,9465552
-8,025469235;-34,92420194
-8,0236848;-34,92331844
-8,024569529;-34,92391624
-8,048053804;-34,89863243
-8,009452699;-34,89831521
-8,006537235;-34,8994167
-8,008059248;-34,89876739
-8,00628105;-34,8995394
-8,008921582;-34,89848665
-8,071225305;-34,8783838
-8,017350087;-34,89138566
-8,031119114;-34,89149856
-8,08930831;-34,88116061
-8,037020821;-34,9604428
-8,058397871;-34,9416668
-8,118502642;-34,90095189
-8,014040549;-34,89755579
-8,012465373;-34,89884045
-8,012355851;-34,89891775
-8,011562203;-34,90015651
-8,014865365;-34,89731815
-8,015284201;-34,8973402
-8,089977425;-34,94536787
-8,086827705;-34,91049627
-8,070482385;-34,88187673
-8,083933746;-34,92101441
-8,083589421;-34,91330796
-8,084515283;-34,91320752
-8,083284258;-34,91334602
-8,011348577;-34,91697179
-8,005368985;-34,92248807
-8,109784443;-34,92601015
-8,04056607;-34,94973194
-8,11282997;-34,95098588
-8,112713245;-34,95037869
-8,112767723;-34,94873299
-8,112759381;-34,95061473
-8,112696711;-34,94835946
-8,112894044;-34,95131557
-8,134595343;-34,94952313
-8,136506951;-34,93844288
-8,039317873;-34,87300677
-8,038868207;-34,873095
-8,05944405;-34,93405853
-8,080493749;-34,896156
-8,073379535;-34,90608857
-8,094021886;-34,93095082
-8,093092576;-34,93186322
-8,135540276;-34,95480712
-8,054911605;-34,91788898
-8,055488994;-34,91810272
-8,074853299;-34,90705848
-8,135718808;-34,94944026
-8,081867966;-34,94791798
-8,034637917;-34,9591037
-8,077983022;-34,91061875
-8,135114675;-34,95652596
-7,98989636;-34,92858326
-7,989664041;-34,92806724
-8,128401005;-34,90379011
-8,128358749;-34,90615998
-8,127807248;-34,94607114
-8,061627794;-34,91086469
-8,073814427;-34,93883353
-8,135348149;-34,95618394
-8,11963374;-34,91859018
-8,082862815;-34,88141062
-8,037495636;-34,96418269
-8,041190901;-34,88756021
-8,067393435;-34,91022372
-8,059539089;-34,93410098
-8,019067856;-34,88741238
-8,058516136;-34,93877967
-8,009061566;-34,88422939
-8,036406092;-34,96039513
-8,081895701;-34,939213
-8,058437507;-34,93950423
-8,022571806;-34,92848528
-8,058573802;-34,93842375
-8,039764506;-34,96233077
-8,109315645;-34,92197402
-8,075240479;-34,92474442
-8,075114095;-34,92476878
-8,074019614;-34,92501967
-8,076404027;-34,92449906
-7,997516891;-34,9302739
-7,995767768;-34,93131568
-7,995767772;-34,93131568
-7,996393377;-34,93076319
-8,094805338;-34,91986113
-8,020059732;-34,88499635
-8,05786502;-34,93666547
-8,057518876;-34,93658095
-8,079136173;-34,94406597
-8,105545765;-34,91678437
-8,031739653;-34,95975017
-8,031769651;-34,95972953
-8,055976384;-34,93621271
-8,056815841;-34,93985461
-8,020935567;-34,90019327
-8,038371954;-34,88131028
-8,021249872;-34,93009109
-8,021556931;-34,93060238
-8,059004372;-34,93385786
-8,101430956;-34,93652027
-8,099135681;-34,93718443
-8,050517356;-34,90733758
-8,086323424;-34,88485541
-8,087278229;-34,88406446
-8,017786399;-34,90983587
-8,08717715;-34,9591727
-8,076752902;-34,91680142
-8,094390879;-34,9173254
-8,056541102;-34,92504229
-8,056547266;-34,92502632
-8,019301533;-34,8874942
-8,024001973;-34,92718439
-8,035102989;-34,91574412
-8,024884181;-34,89180122
-8,0581211;-34,93336388
-8,081907575;-34,91258988
-8,061162269;-34,92022248
-8,114829388;-34,91909415
-8,011437587;-34,91667943
-8,076192387;-34,91667286
-8,072650222;-34,91208129
-8,115270461;-34,90742764
-8,020816175;-34,90754143
-8,090589923;-34,94608932
-8,035359341;-34,95966013
-8,03696524;-34,88264383
-8,054951822;-34,93169486
-8,137540557;-34,95127125
-8,038095045;-34,96040956
-8,096283383;-34,91398518
-8,032714199;-34,96053541
-8,01543367;-34,8952349
-8,108304434;-34,92621546
-8,108789057;-34,92614951
-8,12926038;-34,93980048
-8,131748103;-34,91288574
-8,131690695;-34,91287353
-8,129221986;-34,94606571
-8,08217963;-34,91601259
-8,122314279;-34,94237285
-8,121292555;-34,9416601
-8,043675396;-34,93613783
-8,042949475;-34,9375279
-8,094954463;-34,94577726
-8,013842523;-34,8841533
-8,013441093;-34,88382541
-8,025232567;-34,87634399
-8,025215549;-34,87639975
-8,025199124;-34,87645287
-8,04438378;-34,9292454
-7,985998288;-34,93117109
-8,017858302;-34,91024675
-8,090756954;-34,95966635
-8,1198516;-34,95555838
-8,074404275;-34,92717308
-8,074057948;-34,9252096
-8,075730835;-34,92696201
-8,005614601;-34,90692877
-8,012669424;-34,92920163
-8,009255577;-34,92995113
-8,050100519;-34,89323361
-8,020801614;-34,90064468
-8,012438111;-34,88153314
-8,059110723;-34,94004377
-8,018685287;-34,91068126
-8,057769662;-34,93297214
-8,057446391;-34,93260541
-8,058313501;-34,93349667
-8,057863051;-34,93307994
-8,057043405;-34,93212679
-8,095908467;-34,96220736
-8,102371737;-34,93398145
-8,127207809;-34,94551004
-8,02065739;-34,90106525
-8,103562582;-34,93358591
-8,088212715;-34,8800377
-8,037913201;-34,95007377
-8,038922095;-34,94971293
-8,083825581;-34,95339749
-7,985144204;-34,93134688
-8,082368639;-34,95281408
-8,081297408;-34,96418242
-8,139247266;-34,93043109
-8,143048948;-34,91096027
-8,024303827;-34,93225343
-8,038011968;-34,89520835
-8,079978581;-34,95130875
-7,985533892;-34,93126361
-7,987747442;-34,9193588
-8,075960583;-34,91251191
-8,02005356;-34,87950118
-8,096236594;-34,91391276
-8,015621162;-34,91713151
-8,011972062;-34,89698708
-8,011804826;-34,89708866
-8,011520651;-34,89713992
-8,12240276;-34,95482313
-8,015835626;-34,92309249
-8,018353044;-34,91059363
-7,992663717;-34,92624842
-8,060930819;-34,93093403
-8,106398014;-34,89228153
-8,106386275;-34,89236922
-8,005031368;-34,90515268
-8,011473922;-34,92184143
-8,122045046;-34,90121801
-8,075386847;-34,89889007
-8,017273864;-34,92178639
-8,016127331;-34,92248727
-8,019353033;-34,88095638
-8,007379001;-34,90708737
-8,081939873;-34,91557151
-8,124842849;-34,93424952
-8,095879423;-34,96372048
-8,127548526;-34,94585046
-8,12758916;-34,94581608
-8,036467;-34,97797513
-8,044867879;-34,88498862
-8,013655642;-34,91625876
-8,111787089;-34,9341788
-8,082062042;-34,94841132
-8,130910274;-34,94095145
-8,012688299;-34,91578978
-8,114198223;-34,93209284
-8,005161498;-34,90606824
-8,011530435;-34,91627447
-7,984987894;-34,93134382
-8,122778156;-34,90059356
-7,98026652;-34,91481893
-8,099036;-34,91641222
-7,997688227;-34,91647232
-8,055006638;-34,91522876
-8,016768899;-34,89336631
-8,090250461;-34,92020584
-7,978851809;-34,9163914
-7,978814492;-34,9166979
-7,978725639;-34,9175941
-7,978999793;-34,91821894
-8,028084248;-34,93711144
-8,007995924;-34,92841088
-7,960785282;-34,97694161
-8,009082168;-34,92817609
-8,008804857;-34,92797005
-8,039090799;-34,93243759
-8,101152564;-34,92719781
-8,082422795;-34,87857999
-8,082625162;-34,92245827
-8,032382828;-34,92851607
-8,011642272;-34,92186878
-8,015020632;-34,91010744
-8,084999932;-34,96413221
-8,117903812;-34,90936834
-8,037673714;-34,88053597
-8,037732565;-34,88066261
-8,015173851;-34,91696077
-8,037113093;-34,88255723
-8,038205873;-34,88146891
-8,03690842;-34,88216831
-7,982081577;-34,93062565
-7,982124853;-34,93065311
-7,983396579;-34,93170835
-7,98337355;-34,93165675
-8,024720853;-34,94851338
-8,026532666;-34,94821541
-8,021361808;-34,95105938
-8,024978857;-34,95036142
-8,026833553;-34,94995929
-8,027331856;-34,95280571
-8,0220792;-34,95221433
-8,023044047;-34,95476222
-8,023063828;-34,95426576
-8,022296474;-34,95240974
-8,024151716;-34,95307092
-8,095716646;-34,96303514
-8,027116194;-34,95154305
-8,004209124;-34,90874425
-8,004795373;-34,90896803
-7,984376848;-34,93131657
-7,985965441;-34,93117913
-8,089690634;-34,88689493
-8,090804761;-34,88680792
-8,061342509;-34,93638514
-8,074897749;-34,9381411
-8,074870442;-34,93859872
-8,01699236;-34,88044274
-8,017417074;-34,88052531
-8,017911934;-34,88062897
-8,021317093;-34,8810169
-8,021636166;-34,88029719
-8,016742427;-34,88039518
-8,017748704;-34,88059478
-8,021586998;-34,90811482
-8,079891278;-34,94321932
-8,04494389;-34,91575378
-8,04542186;-34,91568345
-8,060739132;-34,93619357
-8,011906198;-34,91565898
-8,059075652;-34,93620736
-8,058403696;-34,94023705
-8,055032044;-34,93622224
-8,056477418;-34,93632982
-8,055435304;-34,9360848
-8,019336913;-34,8796807
-8,026146545;-34,95794653
-8,025915686;-34,95885522
-8,026033755;-34,95839257
-8,010097313;-34,91767704
-7,997644074;-34,9386548
-8,134487525;-34,95388084
-8,01505093;-34,91686368
-8,012350689;-34,91566805
-8,019691562;-34,87960634
-7,989620047;-34,93210347
-7,991374325;-34,93277286
-8,097808818;-34,92386868
-8,096641291;-34,92322184
-8,009903182;-34,91753603
-8,009662363;-34,91742513
-7,980007785;-34,91417072
-8,014195622;-34,90936799
-8,041798122;-34,88673707
-8,041997715;-34,88646651
-8,04154528;-34,88707982
-8,014646544;-34,89615306
-8,014817505;-34,89603529
-8,014825958;-34,89604385
-8,037865827;-34,88147487
-8,038050174;-34,88130692
-8,121972214;-34,93832488
-7,993045098;-34,93057116
-8,129006797;-34,95136666
-8,013549258;-34,95590945
-8,017731011;-34,91022685
-8,074662142;-34,93845614
-8,021958531;-34,9268827
-8,021916381;-34,92749303
-8,041682746;-34,88689347
-8,016745817;-34,93712663
-8,015571472;-34,89499913
-8,011625753;-34,91599591
-8,01586105;-34,91721133
-8,015495528;-34,91709395
-8,005844658;-34,90785996
-8,108939933;-34,9482505
-7,992612598;-34,93027815
-7,993733919;-34,93123168
-8,130639977;-34,94072122
-8,017026229;-34,91946901
-8,017697101;-34,91946817
-8,019752579;-34,9358122
-8,015945405;-34,93733908
-8,024193967;-34,92723594
-8,129191707;-34,95569368
-8,021858764;-34,90833715
-7,992678685;-34,932689
-7,99308975;-34,9323422
-8,12309403;-34,94125934
-8,122065427;-34,94054696
-8,124704173;-34,93890029
-8,123674717;-34,9381979
-8,033485404;-34,97812629
-8,01466271;-34,90985924
-8,08190691;-34,91966648
-8,021618238;-34,880505
-8,003600358;-34,90847885
-8,005158311;-34,90607708
-8,010156843;-34,92950093
-8,054011634;-34,93559176
-8,016636604;-34,92886376
-8,037606421;-34,97794626
-8,087623162;-34,96825695
-8,112680835;-34,95611102
-8,055070404;-34,93373457
-8,101598974;-34,92453202
-8,120210145;-34,94916537
-8,01070384;-34,9221423
-8,131036623;-34,93918441
-8,107093149;-34,95094622
-8,059332856;-34,93341053
-8,059416423;-34,93320864
-8,076718329;-34,90848579
-8,115522049;-34,95132999
-8,113793023;-34,95547205
-8,131327069;-34,94223812
-8,056558986;-34,92927823
-8,056845351;-34,92944356
-8,006131429;-34,92876792
-8,03956332;-34,8718933
-8,008689415;-34,92839441
-8,00587003;-34,93096582
-8,032275471;-34,95630204
-8,029891885;-34,93891463
-8,02972088;-34,93907913
-8,008491067;-34,92853797
-8,008876931;-34,92839889
-8,00838463;-34,92957587
-8,00756685;-34,9316157
-8,010538117;-34,93028376
-8,013086613;-34,90462105
-8,02945036;-34,94242574
-8,006152976;-34,9312182
-8,00574251;-34,93078905
-8,003768829;-34,89623657
-8,014918401;-34,92381682
-8,115211215;-34,95749537
-7,999932962;-34,91440893
-8,000416879;-34,91583528
-8,069868963;-34,92234846
-8,069570027;-34,92166362
-8,001768428;-34,91313572
-8,001099118;-34,91300831
-8,131142506;-34,95090809
-8,131486426;-34,95100544
-7,977718165;-34,9180727
-7,977889825;-34,91887603
-7,977427208;-34,91690307
-7,977542334;-34,91731653
-7,977507013;-34,91733144
-7,944663355;-34,9234443
-7,945900322;-34,92318928
-7,943229686;-34,92338683
-8,071540965;-34,91588293
-8,012438035;-34,90742792
-8,024798451;-34,93104697
-8,133231598;-34,95141204
-8,132380015;-34,9522425
-8,080809825;-34,94990286
-8,079658847;-34,94882042
-8,095644294;-34,88654386
-8,114405481;-34,95734529
-8,114285442;-34,95936188
-8,115123795;-34,95746559
-8,009969394;-34,91238806
-8,032757786;-34,92792249
-8,033046881;-34,92775094
-8,031805875;-34,94202643
-8,101614871;-34,93874872
-8,101751305;-34,93906461
-8,023816032;-34,90289304
-8,121428835;-34,95914901
-8,12228229;-34,95731291
-8,122163061;-34,95772201
-8,120429251;-34,9599687
-8,040995593;-34,95651339
-8,04061487;-34,95754836
-8,080919933;-34,96696539
-8,079768643;-34,9645292
-8,079740061;-34,9650997
-7,993601437;-34,90937589
-8,030062917;-34,94190358
-8,03033377;-34,9419071
-8,029794633;-34,94189542
-8,134323439;-34,94732101
-8,135026242;-34,94609728
-7,991177977;-34,91297168
-8,115524569;-34,95758647
-8,104053897;-34,90925783
-8,006999918;-34,92551621
-8,006995171;-34,92551027
-8,0075385;-34,92580882
-8,131417773;-34,91548998
-8,009601423;-34,93451974
-8,003846042;-34,93616022
-8,00383787;-34,93674983
-7,995377189;-34,92386119
-8,035651484;-34,88133132
-8,083821676;-34,92320276
-8,067955893;-34,93489934
-8,082684585;-34,9280207
-8,001413029;-34,92645427
-8,067289052;-34,9354131
-8,067354302;-34,934845
-8,122398085;-34,9500006
-8,120789731;-34,94888279
-8,002452698;-34,92823105
-8,066284266;-34,93518474
-8,066352264;-34,93471524
-8,024616478;-34,96323959
-8,022499775;-34,96426572
-8,02661597;-34,9535017
-8,026859725;-34,95498947
-8,087288691;-34,96483334
-7,986066707;-34,92710652
-8,125187427;-34,95991122
-8,124678923;-34,95964884
-8,124963321;-34,95979856
-8,124492353;-34,95954952
-8,124272193;-34,95944073
-8,123251459;-34,95853607
-8,126080932;-34,96021751
-8,123839166;-34,95921701
-8,12584628;-34,96015091
-8,123861285;-34,9557042
-8,09512289;-34,96176177
-8,125238256;-34,95779112
-8,124829522;-34,95828736
-8,12467303;-34,95844862
-8,124987823;-34,95811641
-8,125707726;-34,95827189
-8,127334213;-34,95863509
-8,12512261;-34,95795022
-8,127094149;-34,95861238
-8,125708038;-34,95900631
-8,126599157;-34,95487447
-8,126156287;-34,9564331
-8,126007177;-34,9569456
-8,1260034;-34,95695831
-8,022350089;-34,95087213
-8,023272141;-34,95070839
-8,024616098;-34,95045182
-8,024163236;-34,95053577
-8,080534458;-34,96851416
-8,079565254;-34,97648301
-8,07956794;-34,97635605
-8,019521764;-34,92486613
-8,016497548;-34,90204953
-8,08248109;-34,96500874
-8,082254602;-34,96531697
-7,987453691;-34,92808403
-7,987362368;-34,92768871
-7,98751571;-34,92875095
-7,993965532;-34,91487839
-7,985583995;-34,91796373
-7,983592928;-34,91849251
-8,022603432;-34,95234558
-8,023525079;-34,95217116
-8,02488199;-34,95193084
-8,024429518;-34,95201155
-8,023719612;-34,96341709
-7,995091392;-34,9333225
-8,003646973;-34,90618308
-8,080624025;-34,9680941
-8,088440386;-34,96370321
-8,023375837;-34,96336833
-8,003237857;-34,92296725
-8,023830582;-34,9649054
-8,024921191;-34,96485076
-8,090519108;-34,94214286
-8,017628156;-34,89791039
-8,118017665;-34,94932823
-8,119041943;-34,95088175
-8,121809268;-34,9505556
-8,124735165;-34,95243914
-8,131261683;-34,94998645
-8,130897394;-34,95132022
-8,131612991;-34,95003266
-8,010061382;-34,89572717
-8,010096291;-34,89570793
-8,018632194;-34,90832598
-8,01860834;-34,90832684
-8,017554014;-34,90799378
-8,017692136;-34,87960748
-8,018769379;-34,88068717
-8,01830266;-34,87934756
-8,018840651;-34,87958457
-8,043119926;-34,9306714
-8,030221117;-34,93858982
-8,01622147;-34,87977421
-8,014277491;-34,9572376
-8,015377453;-34,95725128
-8,015126567;-34,95719843
-8,015949661;-34,95764362
-8,070232567;-34,89847555
-8,069951225;-34,89839137
-8,083070718;-34,96603233
-8,082865588;-34,96563174
-8,082582963;-34,96617535
-8,110671301;-34,91144977
-8,080950727;-34,96633193
-8,080751265;-34,96759935
-8,08205179;-34,96518669
-8,086347713;-34,94344184
-8,055911006;-34,9457321
-8,056299377;-34,94532417
-8,056487669;-34,94473156
-8,056806712;-34,94487739
-8,05665999;-34,94540523
-8,056867692;-34,94489456
-8,005245616;-34,89792873
-8,071412659;-34,89987658
-8,069995745;-34,89910789
-8,069721186;-34,89899659
-8,069535849;-34,9003202
-8,069040102;-34,90152204
-8,06990907;-34,89933741
-8,066230485;-34,8879519
-8,06641256;-34,88789886
-8,065949874;-34,8878443
-8,067020156;-34,88783339
-8,046179224;-34,91585851
-8,045451902;-34,91593625
-8,123400378;-34,9549487
-8,044415784;-34,91386269
-8,044859933;-34,91367943
-8,046164723;-34,91485705
-8,046769765;-34,91646956
-8,046748428;-34,91578747
-8,046286163;-34,9151145
-8,045634614;-34,91502356
-8,126023482;-34,95526233
-8,122516871;-34,95692189
-8,123504483;-34,95516021
-8,123619485;-34,95534756
-8,123873285;-34,95571511
-8,103240084;-34,91839362
-8,103122048;-34,91892009
-8,102663894;-34,9209698
-8,102644681;-34,92158343
-8,102864514;-34,92043351
-8,102991675;-34,91966493
-8,102600862;-34,9212008
-8,102601547;-34,9212102
-8,103367539;-34,91945254
-8,014502909;-34,92143141
-8,012431289;-34,90710937
-8,016182059;-34,95576402
-8,015290761;-34,95518914
-8,018482489;-34,90816128
-8,005382834;-34,89800906
-8,005373654;-34,89800448
-7,997379051;-34,92387748
-8,050099679;-34,91647134
-8,005188335;-34,93109249
-8,004284153;-34,93475807
-8,060819331;-34,9404467
-8,019588567;-34,88006267
-8,062881562;-34,93725441
-8,064362922;-34,93823128
-8,037695024;-34,92243731
-8,131365176;-34,95185643
-8,131420894;-34,95143695
-8,037987972;-34,98188181
-8,004901344;-34,90755183
-8,005093118;-34,9070026
-8,129438544;-34,91471746
-8,043943226;-34,93108512
-7,996081225;-34,93743412
-7,996555584;-34,93763551
-7,997967474;-34,93855716
-8,00443439;-34,89320733
-8,087110904;-34,92294205
-8,087247716;-34,92494094
-8,086561079;-34,92518247
-8,012396234;-34,90684854
-8,004978364;-34,90758815
-8,037887721;-34,92243225
-8,018907141;-34,90743975
-8,001766664;-34,92540556
-8,037344752;-34,92361419
-8,054644584;-34,93098967
-8,020219964;-34,87886422
-8,019223121;-34,87796918
-8,020221718;-34,87817192
-8,011882509;-34,9041544
-8,012341204;-34,90353365
-8,018361747;-34,89654085
-8,020228407;-34,87779694
-8,006264607;-34,89454978
-8,003448641;-34,90750636
-7,99099946;-34,93365479
-7,990964204;-34,93361197
-7,991205113;-34,93337544
-8,086686978;-34,94171216
-8,1350018;-34,94339576
-8,051199261;-34,91408335
-8,049028844;-34,9050656
-8,049270117;-34,90506141
-8,054150451;-34,96043867
-8,06349582;-34,92118579
-8,07319681;-34,92471806
-8,009651194;-34,92641433
-8,087962002;-34,88798914
-8,119486157;-34,94572022
-8,119069164;-34,94439406
-8,1189809;-34,94428172
-8,119783725;-34,94452712
-8,007874714;-34,91767975
-8,05083465;-35,00533494
-8,118636187;-34,94464095
-8,10170605;-34,91325791
-8,105475713;-34,90952017
-8,118908382;-34,94535905
-8,078184146;-34,91809545
-8,068142758;-34,99066894
-8,118882659;-34,94524604
-8,019831892;-34,87980773
-8,118812718;-34,94505668
-8,118889476;-34,94432989
-8,057591091;-34,93533099
-8,084326804;-34,9167171
-8,084558752;-34,91678997
-8,084564196;-34,91678771
-7,99746608;-34,92379436
-7,994356353;-34,92442171
-7,994867488;-34,92427881
-7,994013075;-34,92439604
-8,05743425;-34,99488784
-8,035698178;-34,8815144
-8,036066914;-34,88199468
-8,036479228;-34,88239543
-8,088959408;-34,94355994
-8,005748544;-34,93557023
-8,133329295;-34,95595327
-8,034238085;-34,97702479
-8,029350823;-34,97647665
-8,01981966;-34,9252708
-8,032416717;-34,99194383
-8,032097793;-34,97555182
-8,128927785;-34,93443032
-8,087457627;-34,96655243
-8,087778164;-34,92932238
-8,011683163;-34,90133273
-8,027684505;-34,92056835
-8,027475933;-34,92068381
-8,014684488;-34,91215932
-8,077119462;-34,92399382
-8,105601477;-34,96204685
-8,107665713;-34,96238026
-8,105313119;-34,96169508
-8,105487224;-34,96246506
-7,986424625;-34,92497484
-8,073041111;-34,92466997
-8,116569294;-34,93788871
-8,116693078;-34,93770796
-8,077861294;-34,91795923
-8,043301318;-34,87823895
-8,07867531;-34,92445423
-8,078654333;-34,92437627
-8,07722076;-34,92443369
-8,102619866;-34,9213721
-7,988803458;-34,92087815
-7,988039675;-34,9202249
-7,988036515;-34,92044293
-8,083737616;-34,91651424
-8,090642076;-34,88648104
-8,107804556;-34,89455095
-8,019019594;-34,90563625
-8,018975754;-34,90562957
-8,045099305;-34,91832101
-8,044224066;-34,91810392
-8,06355988;-34,92108972
-8,044478611;-34,93740869
-8,006289824;-34,93646856
-8,00847007;-34,90245644
-8,039259281;-34,98545971
-8,017822706;-34,90806943
-8,016604362;-34,90858378
-8,014536384;-34,90846623
-8,013396993;-34,9086031
-8,017143474;-34,90826278
-8,128257575;-34,9467456
-8,037400244;-34,99157227
-8,033401647;-34,99344483
-8,056787278;-34,93234851
-8,054085116;-34,93101642
-8,037891942;-34,99333174
-8,037614526;-34,99240886
-8,048895204;-34,90506573
-8,08748988;-34,94176184
-8,087714595;-34,94209877
-8,00493155;-34,90797262
-8,128788753;-34,93445906
-8,018034257;-34,9068203
-8,018051317;-34,90680914
-7,994648235;-34,93536747
-7,995325291;-34,93601019
-8,012498043;-34,88658003
-8,012478446;-34,88652922
-8,011166945;-34,88722062
-8,015027039;-34,92697362
-8,034433896;-34,99570986
-8,0180821;-34,90785678
-8,018494064;-34,90722167
-8,085237629;-34,97133326
-8,119674027;-34,94478909
-8,127877376;-34,95523432
-8,127702803;-34,95519669
-8,046015373;-34,9386954
-8,042196655;-34,93724309
-8,043714215;-34,87840091
-8,043547795;-34,87839543
-8,04328707;-34,87788843
-8,066620818;-34,98450685
-8,065090939;-34,9875354
-8,006512226;-34,92481968
-8,073166762;-34,93315185
-8,011179544;-34,90115562
-8,012663939;-34,90147187
-8,085973079;-34,90441122
-8,130488261;-34,94240824
-8,004765264;-34,93693113
-8,003675517;-34,93605901
-8,091774152;-34,93955056
-8,133818499;-34,95663517
-7,990703281;-34,9286282
-7,995781926;-34,92476721
-8,036302507;-34,92710201
-8,034435667;-34,97790949
-8,034435667;-34,97790949
-8,034434493;-34,97789084
-7,999638483;-34,90340875
-7,999597648;-34,90337797
-8,032466656;-34,97544202
-8,029854477;-34,97612032
-8,0292075;-34,97666547
-8,024467518;-34,90310341
-8,024505185;-34,90223105
-8,036341283;-34,88217646
-8,091575576;-34,88679166
-8,030305411;-34,9030505
-8,003344158;-34,93095465
-8,035956271;-34,97147204
-8,03641218;-34,97139789
-8,035519933;-34,97155878
-8,114079495;-34,9553257
-8,101232051;-34,93868299
-8,068079078;-34,93552733
-8,066708507;-34,93528573
-8,068054665;-34,93552755
-8,108940237;-34,95157392
-8,01486871;-34,8982518
-8,020593103;-34,91021754
-8,02171161;-34,91091588
-8,010366849;-34,92605213
-8,010362948;-34,92605229
-7,997645505;-34,93705078
-8,083455238;-34,94451234
-8,025259583;-34,90258381
-8,008493551;-34,93131748
-8,007613218;-34,91697104
-8,008108578;-34,93086022
-8,114342176;-34,90485553
-8,006904219;-34,91530923
-8,012034635;-34,88459493
-7,996369187;-34,92916794
-8,006981096;-34,93529882
-8,008597419;-34,91161798
-7,990974246;-34,91645286
-8,010918695;-34,92604819
-8,03798228;-34,9768858
-8,012435978;-34,90898317
-8,020611226;-34,91076308
-8,112395887;-34,95414507
-8,004308469;-34,93714072
-8,010176399;-34,91287121
-8,114748387;-34,95735153
-8,11472699;-34,9573449
-8,11563312;-34,95762067
-8,146031146;-34,91395823
-8,004746148;-34,9348543
-8,134007924;-34,95568461
-8,125135635;-34,95611775
-8,12488968;-34,95675628
-8,122849163;-34,95928691
-8,127194297;-34,9594283
-8,127685649;-34,95639733
-8,127670142;-34,95639716
-8,127588579;-34,95709256
-8,081757911;-34,96507633
-8,08250903;-34,96567799
-8,012037495;-34,95206327
-7,994039086;-34,93282947
-8,079182312;-34,97658123
-8,004034783;-34,93101588
-8,015128233;-34,95718968
-8,066011782;-34,88802924
-8,061314182;-34,93473052
-8,045324146;-34,91509837
-8,045326528;-34,91511027
-8,01922651;-34,90566871
-7,995289781;-34,93773897
-7,996393271;-34,93798453
-8,003946604;-34,89640874
-8,007807381;-34,91747045
-7,996265798;-34,93819309
-7,994895825;-34,93336858
-7,995451181;-34,93302088
-8,01763919;-34,92742677
-8,058216055;-34,95679507
-8,006493619;-34,8987175
-8,006479402;-34,89870791
-8,003444216;-34,93647346
-8,00369025;-34,93666072
-8,003639684;-34,93673412
-7,994896764;-34,93756408
-7,994865298;-34,9375874
-8,067902202;-34,93453469
-8,067726851;-34,93454088
-7,994518476;-34,93310183
-8,007307757;-34,91629437
-8,023858761;-34,92290495
-8,017307101;-34,9273176
-8,054509253;-34,9393056
-8,085227848;-34,91702098
-8,001999802;-34,90728896
-8,018386985;-34,92034849
-8,024885671;-34,92349958
-7,998409416;-34,93736321
-7,996454646;-34,93775169
-8,001303473;-34,90645774
-8,114400661;-34,95522152
-7,995194973;-34,92408591
-7,995196849;-34,92408822
-8,125740773;-34,95631508
-8,125569192;-34,95690255
-8,123877695;-34,9596606
-8,12695938;-34,95934113
-8,127476753;-34,9564022
-8,127365666;-34,9570734
-7,994396601;-34,93303337
-8,013129863;-34,90304765
-8,044415594;-34,91907225
-8,00660643;-34,89481946
-8,009058004;-34,90466145
-8,00960591;-34,90462415
-8,116250081;-34,92014491
-8,115962978;-34,92039512
-8,087857019;-34,94043311
-8,035336993;-34,90036228
-8,033578676;-34,89931882
-8,03244731;-34,89862512
-8,014497782;-34,91245786
-8,087583686;-34,94039338
-8,08753838;-34,9403946
-8,010343596;-34,89506369
-8,010421218;-34,8950394
-8,010587519;-34,89517929
-8,05531486;-34,92170283
-8,037877034;-34,95218767
-8,01891489;-34,90378902
-8,083382362;-34,90789796
-8,076380027;-34,91893369
-8,076358632;-34,91917304
-8,017015098;-34,91666034
-8,023496557;-34,92635461
-8,015693116;-34,89800163
-8,056675788;-34,9226519
-8,057219312;-34,92281949
-8,13326376;-34,95050791
-7,989359563;-34,92965531
-7,989113922;-34,92915107
-8,037432122;-34,9937939
-8,036562432;-34,9930561
-8,03136774;-34,9773877
-8,012369403;-34,92191587
-8,012644449;-34,92204786
-8,12302594;-34,94774686
-8,045831101;-34,93279711
-8,013729759;-34,91587046
-7,990372988;-34,93314727
-7,993849867;-34,95455072
-7,992076775;-34,92612081
-8,097247915;-34,92401096
-8,082736306;-34,88147967
-8,09723792;-34,92435002
-7,990061869;-34,93016763
-8,087157244;-34,90187312
-8,08777386;-34,90108744
-7,962422651;-34,92030978
-7,961884616;-34,92157579
-7,962512779;-34,92152029
-7,991423753;-34,9308246
-8,007510812;-34,93272113
-8,05252778;-34,96169661
-8,03735129;-34,87570719
-8,037549417;-34,87613167
-8,008595125;-34,92546385
-8,01431887;-34,95827881
-8,013465547;-34,95894433
-8,036225596;-34,87716091
-8,036362241;-34,87748853
-8,129676417;-34,94614267
-8,129810017;-34,94593157
-8,129570338;-34,94606319
-8,129442824;-34,94598979
-8,12956574;-34,94579625
-8,129327965;-34,94590737
-7,999143057;-34,92046135
-8,07021461;-34,93881758
-8,029713243;-34,93802311
-8,029627839;-34,93470873
-8,085291333;-34,91119826
-8,046210652;-34,99497667
-8,033178581;-34,99582062
-7,979330061;-34,91407231
-7,959552902;-35,00372424
-8,086204799;-34,97363941
-8,089992916;-34,96862588
-7,980533715;-34,9142829
-8,036313861;-34,98551818
-7,94694027;-34,90984149
-7,945067385;-34,90958654
-7,997419586;-34,96311649
-8,034492189;-34,98899905
-8,035440666;-34,98472446
-8,136995248;-34,95626654
-7,991850355;-34,96248746
-7,976683262;-34,96195278
-7,968471877;-34,91303909
-8,155199994;-34,90863684
-8,108612761;-34,96001721
-8,108211306;-34,90628084
-8,10819049;-34,90631568
-8,10748064;-34,90565354
-8,107989446;-34,90652862
-8,009475859;-34,9367633
-8,047608413;-34,87112153
-8,026968765;-34,93374422
-8,100895388;-34,91345091
-8,10085038;-34,91346981
-8,101566418;-34,91469995
-8,067460649;-34,91626318
-8,067398914;-34,91628073
-8,029818681;-34,95172666
-8,084856041;-34,91593969
-8,078591187;-34,97395986
-8,060842424;-34,99614403
-8,079495619;-34,9723434
-8,099583317;-34,9425162
-8,078258654;-34,97249597
-8,085112772;-34,90276828
-8,094606377;-34,96417337
-8,085939112;-34,91735399
-8,114467376;-34,9049812
-8,041192193;-34,9282595
-8,018754171;-34,90664427
-8,064760006;-34,93973191
-8,023503438;-34,87698747
-8,109452027;-34,96127751
-8,109568961;-34,96092413
-8,098708979;-34,96201455
-8,097343687;-34,96123084
-8,097303821;-34,960608
-8,109637672;-34,95345062
-8,105365071;-34,95064959
-8,105717535;-34,94991779
-8,105644823;-34,95150229
-8,105568101;-34,95151327
-8,106443911;-34,95076437
-8,106330941;-34,95117146
-8,106344235;-34,95176009
-8,106355116;-34,95104076
-8,105297927;-34,9506796
-8,106089385;-34,95070108
-8,106594159;-34,95391625
-8,108341978;-34,9529923
-8,017827611;-34,90385425
-8,01510078;-34,90362149
-8,01503048;-34,90407196
-8,015047688;-34,90375986
-8,0144521;-34,90420074
-8,014365149;-34,90396927
-8,015155034;-34,90477595
-8,015279653;-34,90520508
-8,015263336;-34,90563025
-8,015003797;-34,90526571
-8,017201888;-34,90509355
-8,015829261;-34,90566019
-8,015843068;-34,90597727
-8,103615686;-34,91594559
-8,103814275;-34,91597531
-8,103891457;-34,91598558
-8,016338917;-34,89951573
-8,014948122;-34,89902638
-7,992967194;-34,92286069
-8,01345897;-34,91027475
-8,013851735;-34,91028688
-8,014561108;-34,90888789
-8,014078274;-34,90717125
-8,013908953;-34,907122
-8,011350433;-34,9147547
-8,010828587;-34,91453949
-8,084870292;-34,91596518
-8,000600601;-34,92052758
-8,00204205;-34,91422592
-8,000980509;-34,91505662
-8,000728312;-34,91574464
-8,002596899;-34,91414694
-8,000519366;-34,91594098
-8,118387528;-34,93590647
-8,000466841;-34,91681831
-8,000944773;-34,91636722
-7,990469634;-34,9198112
-7,993285569;-34,92030581
-7,979303263;-34,91438859
-7,989491955;-34,92762214
-8,003417546;-34,93763292
-8,00381769;-34,93735555
-8,04151278;-34,88615599
-8,041762051;-34,88632963
-7,994123651;-34,92373656
-7,99439203;-34,92368376
-7,994272718;-34,92371984
-7,994498274;-34,92364647
-7,994021498;-34,92373569
-7,994720833;-34,92351938
-7,994717432;-34,92351209
-8,013020581;-34,91254908
-8,01811296;-34,91326205
-8,017976527;-34,91407775
-7,993129337;-34,91947618
-8,059600057;-34,99590929
-8,017189558;-34,9172391
-8,089463745;-34,92740666
-7,995691186;-34,91701506
-7,995917611;-34,91690029
-8,076913558;-34,92086061
-7,961573529;-34,9833306
-7,968493603;-34,97737499
-7,965856829;-34,98670919
-8,003262649;-34,91315948
-8,003086777;-34,91246312
-8,078642771;-34,97452556
-7,95899929;-34,99346617
-7,96098285;-34,99571903
-7,960395558;-34,99508551
-7,959861038;-34,97991809
-8,093851429;-34,92159549
-8,09363468;-34,92191086
-8,092114457;-34,92443639
-8,089808259;-34,92618028
-7,993236404;-34,9564137
-7,994067476;-34,95380319
-7,993639477;-34,95426579
-7,993293575;-34,9543423
-7,993777363;-34,95340527
-7,995538191;-34,95551432
-7,996059447;-34,95704431
-7,996464697;-34,95650019
-7,995961785;-34,95560134
-8,038230477;-34,97931378
-8,082096488;-34,95533267
-8,011103234;-34,90358985
-8,108799133;-34,93189252
-7,965065508;-34,93350036
-8,038174913;-34,9786303
-8,038240914;-34,97861319
-8,038594848;-34,97829244
-8,038542933;-34,97901975
-8,038396628;-34,97855302
-8,038587796;-34,97916692
-8,017980303;-34,89904517
-8,019360014;-34,90095029
-8,011939516;-34,90280776
-8,012088494;-34,90343563
-8,038155265;-34,97934073
-8,011044241;-34,90027563
-8,01168794;-34,89924968
-8,014728172;-34,89561886
-8,036020357;-34,88166891
-8,036203278;-34,88177739
-8,036551944;-34,88201674
-8,019098635;-34,91310851
-7,992585398;-34,92681955
-7,992348357;-34,92649385
-7,992415449;-34,92695129
-8,036012235;-34,88249389
-8,089274106;-34,93998868
-8,067302207;-34,91511324
-8,067449312;-34,9148466
-8,138132112;-34,95099222
-8,137865158;-34,95082986
-8,138793103;-34,95112062
-8,1381324;-34,95053649
-8,036322088;-34,88219288
-8,036692344;-34,88224433
-8,037514853;-34,88112982
-8,037663507;-34,8813332
-8,038807107;-34,8822394
-8,037702856;-34,88130002
-8,037898504;-34,88112103
-8,03989197;-34,8817095
-7,990965544;-34,92852355
-7,991735484;-34,92841269
-8,097328043;-34,9621434
-8,002246995;-34,91366882
-8,002647039;-34,91372858
-8,002615971;-34,91389512
-8,138176491;-34,9504453
-8,088525027;-34,94362628
-8,082984344;-34,92253804
-8,082982843;-34,92253437
-8,005393569;-34,91327335
-8,041558359;-34,87981443
-8,042868221;-34,88127879
-8,042885768;-34,88101826
-8,042929214;-34,88121459
-8,042841563;-34,88111998
-8,006933385;-34,93522403
-8,007654971;-34,93501694
-8,040865042;-34,87912577
-8,133098365;-34,94514804
-8,132975092;-34,94473028
-8,070885499;-34,90122529
-8,070967892;-34,90145087
-8,008699943;-34,93619856
-8,134543301;-34,93749235
-8,136360607;-34,94045986
-8,135727799;-34,93905296
-8,136571992;-34,93875059
-8,136127199;-34,94560858
-7,995478339;-34,91595541
-8,102448073;-34,93829581
-8,070451448;-34,90138165
-8,070523802;-34,90136894
-8,010779665;-34,92407585
-8,011262894;-34,92345123
-8,122190953;-34,93478782
-8,123163544;-34,93445014
-8,123573684;-34,93473503
-8,123777977;-34,93500411
-8,071744998;-34,9010675
-8,075638002;-34,90150193
-7,993742271;-34,92975781
-7,99374244;-34,92975759
-7,997759876;-34,92052066
-7,990690096;-34,93155374
-8,059856404;-34,99436278
-8,061276718;-34,99347697
-8,05915759;-34,99419497
-7,995737038;-34,93354548
-7,995745464;-34,93325019
-8,024459684;-34,95833897
-8,024555991;-34,95796816
-8,100756778;-34,92470178
-8,089350917;-34,92777528
-8,088915288;-34,92887212
-8,129154354;-34,91424635
-7,994784203;-34,93353657
-7,994181494;-34,9334577
-8,121888734;-34,95956251
-8,128200551;-34,95899765
-8,127971867;-34,95890148
-8,128504476;-34,95867315
-8,12814355;-34,95825784
-8,128728823;-34,95852776
-8,089740745;-34,92869718
-8,089970896;-34,92838168
-8,089679415;-34,92884551
-8,089263848;-34,92884855
-8,118344167;-34,95579689
-7,954892259;-34,91485037
-8,089425205;-34,92885257
-8,121397743;-34,94471904
-8,036661291;-34,96177431
-8,036888203;-34,97285729
-8,032475172;-34,97776998
-8,032982554;-34,97893405
-8,030034724;-34,97751841
-8,029817676;-34,97831531
-8,031346129;-34,97690729
-8,02905449;-34,97654728
-8,106416472;-34,95178149
-8,059998641;-34,99511655
-8,059972666;-34,99525804
-8,058787584;-34,99478397
-8,060358088;-34,99523642
-8,060331162;-34,99539471
-8,060167033;-34,99544333
-8,060085074;-34,99504978
-8,059607351;-34,99368599
-7,947451681;-34,92482456
-8,023365077;-34,97075955
-8,010178705;-34,96045916
-7,947360599;-34,92742019
-7,947776803;-34,9263278
-7,948694752;-34,92698066
-8,076314803;-34,94507654
-8,004065285;-34,9223124
-7,948378629;-34,92710238
-8,086473193;-34,96813462
-8,086943143;-34,96762008
-8,007733404;-34,95330731
-8,008251552;-34,95362344
-8,008872119;-34,95309362
-8,01031748;-34,95248774
-8,011307548;-34,9520767
-8,011350125;-34,95207928
-8,011543654;-34,95216863
-8,045119668;-34,95253956
-8,082342469;-34,95439049
-8,082598483;-34,95435661
-8,082812569;-34,95511746
-8,082664139;-34,95518364
-8,087267638;-34,92904144
-8,0874565;-34,92950394
-8,087449964;-34,92950722
-8,036420613;-34,95248451
-8,035749669;-34,95223391
-8,037880025;-34,95002799
-8,037169644;-34,94969553
-8,088153833;-34,92918948
-8,088523671;-34,92908495
-8,087887812;-34,92859325
-8,021443892;-34,9667345
-8,022205542;-34,96871533
-8,082501021;-34,95458522
-8,022484295;-34,9683637
-7,97644753;-34,91833554
-8,007269416;-34,92252604
-8,007252105;-34,92252482
-7,997406055;-34,92860932
-8,025705419;-34,96592979
-8,012301636;-34,95207883
-8,01230414;-34,9526797
-8,079690434;-34,92331466
-8,079506932;-34,92378837
-8,079131852;-34,92435476
-8,079333915;-34,92404951
-8,079389432;-34,92340244
-8,077029637;-34,92400682
-8,078218122;-34,92367146
-8,077776542;-34,92380102
-8,077326976;-34,92393293
-8,07918463;-34,92345895
-8,107482844;-34,96200331
-8,107413807;-34,96150792
-8,107304538;-34,96104737
-8,109630019;-34,96094419
-8,013204198;-34,95666834
-8,013369104;-34,95662508
-8,013171627;-34,95677048
-8,10745322;-34,9618332
-8,107533106;-34,96219066
-7,991686335;-34,91749044
-7,991686334;-34,91749044
-8,013213938;-34,95636743
-8,012974169;-34,956466
-8,10845121;-34,96001187
-8,106283764;-34,96124807
-8,106315509;-34,96280955
-8,103938892;-34,96238098
-8,097691259;-34,96220308
-8,103882541;-34,96275247
-7,989558243;-34,92413784
-7,988267418;-34,92358937
-7,986052059;-34,92367948
-8,012558405;-34,95267995
-8,012596292;-34,95316247
-8,013075413;-34,95601443
-7,986897336;-34,9241472
-7,985582052;-34,91778328
-7,98466023;-34,91692738
-7,987198373;-34,92469042
-7,986580525;-34,92490183
-8,10548137;-34,91506633
-8,105207013;-34,91506005
-8,012554485;-34,95579223
-7,984232111;-34,91694157
-8,125730007;-34,94774844
-8,072964028;-34,92486296
-8,073340407;-34,92435091
-8,073223695;-34,92432086
-8,072956619;-34,92524544
-8,116084544;-34,95720053
-8,115927628;-34,95713525
-8,00739005;-34,95775725
-8,008546798;-34,95436698
-8,010620151;-34,95292323
-8,042330298;-34,8793656
-8,012293148;-34,95619369
-7,99121447;-34,91717163
-8,129020384;-34,94908621
-8,041439284;-34,8798152
-8,016430654;-34,91124309
-8,037797722;-34,88090876
-8,106843665;-34,95177532
-7,994879224;-34,91893925
-7,992112908;-34,91714988
-7,992723993;-34,91783486
-7,992572009;-34,91766184
-7,993090156;-34,91820707
-7,991737272;-34,91749454
-7,99157942;-34,91731839
-7,973113249;-34,9167082
-8,102154376;-34,9385244
-8,102438522;-34,93852039
-8,074660765;-34,88718929
-8,10551671;-34,94959397
-8,058694783;-34,95582343
-8,015197267;-34,89992777
-7,935350123;-34,93407321
-7,95001455;-34,94950494
-8,118980534;-34,9354992
-8,118618872;-34,93515789
-8,119216779;-34,9355537
-8,118746632;-34,93580051
-8,117696456;-34,93491174
-8,013773888;-34,90101004
-8,119598147;-34,93514555
-8,119467055;-34,93501913
-7,944423187;-34,98558711
-8,117618383;-34,93464474
-8,106530309;-34,95418335
-7,971185995;-34,91540007
-8,108649156;-34,94892939
-8,07769524;-34,92441227
-8,077703252;-34,92444703
-8,016775196;-34,92024039
-8,043748241;-34,90494328
-8,102563262;-34,9383691
-7,947276954;-34,91030105
-7,949408246;-34,91235473
-7,948532429;-34,9127653
-7,94827527;-34,91214539
-8,038830957;-34,92397144
-8,038694937;-34,92414064
-7,996989672;-34,91896772
-8,038790992;-34,92449605
-8,04703605;-34,85878161
-8,091072891;-34,87973237
-8,038645078;-34,92468326
-8,038431103;-34,92448817
-8,024069541;-34,90549001
-7,994614012;-34,90862928
-8,143133591;-34,91718673
-8,14325486;-34,91702774
-8,126632446;-34,9606428
-7,974718378;-34,9191069
-7,990297933;-34,91795189
-8,075605433;-34,91276942
-8,074857273;-34,91271879
-8,074864875;-34,91266711
-7,98815056;-34,93062576
-7,98809593;-34,93074213
-7,98807573;-34,93079162
-8,098999188;-34,90898211
-8,100864882;-34,90844528
-8,099504904;-34,90880173
-8,100625142;-34,90850254
-8,100386688;-34,90855949
-8,100145982;-34,90861844
-8,100178704;-34,9076483
-8,09968315;-34,9077007
-8,099359301;-34,90773495
-8,022114306;-34,87659605
-8,021617981;-34,87616996
-8,021931299;-34,87670416
-8,021983719;-34,87710658
-8,022562633;-34,87679393
-8,022511562;-34,87812175
-8,022955295;-34,87786847
-8,021095448;-34,87500948
-8,025832775;-34,96747098
-8,026203022;-34,9677731
-8,088518395;-34,89138132
-8,017021151;-34,93781734
-8,118165221;-34,93741656
-8,118915661;-34,93592449
